{
	"info": {
		"_postman_id": "1a2b3c4d-5e6f-7g8h-9i0j-1k2l3m4n5o6p",
		"name": "E-Commerce API",
		"description": "Collection for testing E-Commerce API endpoints",
		"schema": "https://schema.getpostman.com/json/collection/v2.1.0/collection.json"
	},
	"item": [
		{
			"name": "Authentication",
			"item": [
				{
					"name": "Register User",
					"request": {
						"method": "POST",
						"header": [
							{
								"key": "Content-Type",
								"value": "application/json"
							}
						],
						"body": {
							"mode": "raw",
							"raw": "{\n    \"username\": \"testuser\",\n    \"email\": \"test@example.com\",\n    \"password\": \"password123\"\n}"
						},
						"url": {
							"raw": "{{base_url}}/api/register",
							"host": ["{{base_url}}"],
							"path": ["api", "register"]
						}
					}
				},
				{
					"name": "Login",
					"request": {
						"method": "POST",
						"header": [
							{
								"key": "Content-Type",
								"value": "application/json"
							}
						],
						"body": {
							"mode": "raw",
							"raw": "{\n    \"email\": \"test@example.com\",\n    \"password\": \"password123\"\n}"
						},
						"url": {
							"raw": "{{base_url}}/api/login",
							"host": ["{{base_url}}"],
							"path": ["api", "login"]
						}
					}
				}
			]
		},
		{
			"name": "Users",
			"item": [
				{
					"name": "Get All Users",
					"request": {
						"method": "GET",
						"header": [
							{
								"key": "Authorization",
								"value": "Bearer {{token}}"
							}
						],
						"url": {
							"raw": "{{base_url}}/api/users",
							"host": ["{{base_url}}"],
							"path": ["api", "users"]
						}
					}
				},
				{
					"name": "Get User by ID",
					"request": {
						"method": "GET",
						"header": [
							{
								"key": "Authorization",
								"value": "Bearer {{token}}"
							}
						],
						"url": {
							"raw": "{{base_url}}/api/users/1",
							"host": ["{{base_url}}"],
							"path": ["api", "users", "1"]
						}
					}
				},
				{
					"name": "Update User",
					"request": {
						"method": "PUT",
						"header": [
							{
								"key": "Authorization",
								"value": "Bearer {{token}}"
							},
							{
								"key": "Content-Type",
								"value": "application/json"
							}
						],
						"body": {
							"mode": "raw",
							"raw": "{\n    \"username\": \"updateduser\",\n    \"email\": \"updated@example.com\"\n}"
						},
						"url": {
							"raw": "{{base_url}}/api/users/1",
							"host": ["{{base_url}}"],
							"path": ["api", "users", "1"]
						}
					}
				},
				{
					"name": "Delete User",
					"request": {
						"method": "DELETE",
						"header": [
							{
								"key": "Authorization",
								"value": "Bearer {{token}}"
							}
						],
						"url": {
							"raw": "{{base_url}}/api/users/1",
							"host": ["{{base_url}}"],
							"path": ["api", "users", "1"]
						}
					}
				}
			]
		},
		{
			"name": "Products",
			"item": [
				{
					"name": "Create Product",
					"request": {
						"method": "POST",
						"header": [
							{
								"key": "Authorization",
								"value": "Bearer {{token}}"
							}
						],
						"body": {
							"mode": "formdata",
							"formdata": [
								{
									"key": "name",
									"value": "New Product",
									"type": "text"
								},
								{
									"key": "price",
									"value": "99.99",
									"type": "text"
								},
								{
									"key": "category",
									"value": "electronics",
									"type": "text"
								},
								{
									"key": "description",
									"value": "Product description",
									"type": "text"
								},
								{
									"key": "image",
									"type": "file",
									"src": "/path/to/image.jpg"
								}
							]
						},
						"url": {
							"raw": "{{base_url}}/api/products",
							"host": ["{{base_url}}"],
							"path": ["api", "products"]
						}
					}
				},
				{
					"name": "Get All Products",
					"request": {
						"method": "GET",
						"url": {
							"raw": "{{base_url}}/api/products",
							"host": ["{{base_url}}"],
							"path": ["api", "products"]
						}
					}
				},
				{
					"name": "Get Product by ID",
					"request": {
						"method": "GET",
						"url": {
							"raw": "{{base_url}}/api/products/1",
							"host": ["{{base_url}}"],
							"path": ["api", "products", "1"]
						}
					}
				},
				{
					"name": "Update Product",
					"request": {
						"method": "PUT",
						"header": [
							{
								"key": "Authorization",
								"value": "Bearer {{token}}"
							}
						],
						"body": {
							"mode": "formdata",
							"formdata": [
								{
									"key": "name",
									"value": "Updated Product",
									"type": "text"
								},
								{
									"key": "price",
									"value": "89.99",
									"type": "text"
								}
							]
						},
						"url": {
							"raw": "{{base_url}}/api/products/1",
							"host": ["{{base_url}}"],
							"path": ["api", "products", "1"]
						}
					}
				},
				{
					"name": "Delete Product",
					"request": {
						"method": "DELETE",
						"header": [
							{
								"key": "Authorization",
								"value": "Bearer {{token}}"
							}
						],
						"url": {
							"raw": "{{base_url}}/api/products/1",
							"host": ["{{base_url}}"],
							"path": ["api", "products", "1"]
						}
					}
				}
			]
		},
		{
			"name": "Cart",
			"item": [
				{
					"name": "Get Cart",
					"request": {
						"method": "GET",
						"header": [
							{
								"key": "Authorization",
								"value": "Bearer {{token}}"
							}
						],
						"url": {
							"raw": "{{base_url}}/api/cart",
							"host": ["{{base_url}}"],
							"path": ["api", "cart"]
						}
					}
				},
				{
					"name": "Add to Cart",
					"request": {
						"method": "POST",
						"header": [
							{
								"key": "Authorization",
								"value": "Bearer {{token}}"
							},
							{
								"key": "Content-Type",
								"value": "application/json"
							}
						],
						"body": {
							"mode": "raw",
							"raw": "{\n    \"product_id\": 1\n}"
						},
						"url": {
							"raw": "{{base_url}}/api/cart",
							"host": ["{{base_url}}"],
							"path": ["api", "cart"]
						}
					}
				},
				{
					"name": "Update Cart Item",
					"request": {
						"method": "PUT",
						"header": [
							{
								"key": "Authorization",
								"value": "Bearer {{token}}"
							},
							{
								"key": "Content-Type",
								"value": "application/json"
							}
						],
						"body": {
							"mode": "raw",
							"raw": "{\n    \"quantity\": 2\n}"
						},
						"url": {
							"raw": "{{base_url}}/api/cart/1",
							"host": ["{{base_url}}"],
							"path": ["api", "cart", "1"]
						}
					}
				},
				{
					"name": "Remove from Cart",
					"request": {
						"method": "DELETE",
						"header": [
							{
								"key": "Authorization",
								"value": "Bearer {{token}}"
							}
						],
						"url": {
							"raw": "{{base_url}}/api/cart/1",
							"host": ["{{base_url}}"],
							"path": ["api", "cart", "1"]
						}
					}
				}
			]
		}
	],
	"variable": [
		{
			"key": "base_url",
			"value": "http://localhost:8080"
		},
		{
			"key": "token",
			"value": "your_jwt_token_here"
		}
	]
} 